{
  "pitch": {
    "min": 58.68316790757194,
    "max": 746.0544033612576,
    "mean": 243.39956904350294,
    "std": 45.09451218087153
  },
  "energy": {
    "min": 24.08613507540183,
    "max": 102.97473583824728,
    "mean": 68.62562527138725,
    "std": 16.37680820987865
  }
}